Imagem,Situação
00000.png,Mantida
00001.png,Mantida
00002.png,Removida
00003.png,Mantida
00004.png,Mantida
00005.png,Mantida
00006.png,Mantida
00007.png,Removida
00008.png,Removida
00009.png,Mantida
00010.png,Removida
00011.png,Removida
00012.png,Mantida
00013.png,Removida
00014.png,Removida
00015.png,Mantida
00016.png,Removida
00017.png,Mantida
00018.png,Removida
00019.png,Mantida
00020.png,Mantida
00021.png,Mantida
00022.png,Removida
00023.png,Removida
00024.png,Mantida
00025.png,Mantida
00026.png,Mantida
00027.png,Removida
00028.png,Removida
00029.png,Mantida
00030.png,Mantida
00031.png,Mantida
00032.png,Mantida
00033.png,Removida
00034.png,Mantida
00035.png,Removida
00036.png,Removida
00037.png,Removida
00038.png,Mantida
00039.png,Mantida
00040.png,Mantida
00041.png,Mantida
00042.png,Mantida
00043.png,Mantida
00044.png,Removida
00045.png,Mantida
00046.png,Removida
00047.png,Removida
00048.png,Mantida
00049.png,Mantida
00050.png,Mantida
00051.png,Mantida
00052.png,Removida
00053.png,Mantida
00054.png,Mantida
00055.png,Mantida
00056.png,Mantida
00057.png,Mantida
00058.png,Mantida
00059.png,Mantida
00060.png,Removida
00061.png,Mantida
00062.png,Removida
00063.png,Mantida
00064.png,Mantida
00065.png,Mantida
00066.png,Mantida
00067.png,Removida
00068.png,Mantida
00069.png,Mantida
00070.png,Mantida
00071.png,Removida
00072.png,Mantida
00073.png,Mantida
00074.png,Mantida
00075.png,Removida
00076.png,Removida
00077.png,Mantida
00078.png,Removida
00079.png,Mantida
00080.png,Mantida
00081.png,Mantida
00082.png,Mantida
00083.png,Mantida
00084.png,Mantida
00085.png,Mantida
00086.png,Removida
00087.png,Removida
00088.png,Removida
00089.png,Removida
00090.png,Removida
00091.png,Removida
00092.png,Mantida
00093.png,Mantida
00094.png,Removida
00095.png,Removida
00096.png,Mantida
00097.png,Mantida
00098.png,Mantida
00099.png,Mantida
00100.png,Mantida
00101.png,Mantida
00102.png,Mantida
00103.png,Removida
00104.png,Mantida
00105.png,Mantida
00106.png,Removida
00107.png,Removida
00108.png,Mantida
00109.png,Mantida
00110.png,Mantida
00111.png,Removida
00112.png,Removida
00113.png,Mantida
00114.png,Mantida
00115.png,Mantida
00116.png,Mantida
00117.png,Mantida
00118.png,Mantida
00119.png,Mantida
00120.png,Removida
00121.png,Mantida
00122.png,Mantida
00123.png,Mantida
00124.png,Removida
00125.png,Mantida
00126.png,Mantida
00127.png,Mantida
00128.png,Mantida
00129.png,Mantida
00130.png,Mantida
00131.png,Mantida
00132.png,Mantida
00133.png,Removida
00134.png,Removida
00135.png,Removida
00136.png,Removida
00137.png,Removida
00138.png,Removida
00139.png,Mantida
00140.png,Removida
00141.png,Removida
00142.png,Removida
00143.png,Mantida
00144.png,Removida
00145.png,Mantida
00146.png,Mantida
00147.png,Mantida
00148.png,Mantida
00149.png,Mantida
00150.png,Removida
00151.png,Mantida
00152.png,Mantida
00153.png,Mantida
00154.png,Mantida
00155.png,Removida
00156.png,Removida
00157.png,Removida
00158.png,Mantida
00159.png,Mantida
00160.png,Mantida
00161.png,Mantida
00162.png,Mantida
00163.png,Mantida
00164.png,Removida
00165.png,Mantida
00166.png,Removida
00167.png,Removida
00168.png,Mantida
00169.png,Mantida
00170.png,Mantida
00171.png,Mantida
00172.png,Mantida
00173.png,Removida
00174.png,Removida
00175.png,Removida
00176.png,Removida
00177.png,Removida
00178.png,Mantida
00179.png,Removida
00180.png,Removida
00181.png,Mantida
00182.png,Mantida
00183.png,Removida
00184.png,Removida
00185.png,Mantida
00186.png,Mantida
00187.png,Mantida
00188.png,Removida
00189.png,Mantida
00190.png,Removida
00191.png,Mantida
00192.png,Removida
00193.png,Mantida
00194.png,Mantida
00195.png,Mantida
00196.png,Removida
00197.png,Removida
00198.png,Mantida
00199.png,Removida
00200.png,Mantida
00201.png,Mantida
00202.png,Removida
00203.png,Mantida
00204.png,Mantida
00205.png,Mantida
00206.png,Mantida
00207.png,Removida
00208.png,Removida
00209.png,Removida
00210.png,Removida
00211.png,Removida
00212.png,Mantida
00213.png,Mantida
00214.png,Mantida
00215.png,Removida
00216.png,Mantida
00217.png,Removida
00218.png,Mantida
00219.png,Removida
00220.png,Mantida
00221.png,Mantida
00222.png,Mantida
00223.png,Mantida
00224.png,Mantida
00225.png,Mantida
00226.png,Mantida
00227.png,Mantida
00228.png,Mantida
00229.png,Removida
00230.png,Mantida
00231.png,Removida
00232.png,Mantida
00233.png,Removida
00234.png,Mantida
00235.png,Mantida
00236.png,Mantida
00237.png,Removida
00238.png,Removida
00239.png,Mantida
00240.png,Mantida
00241.png,Removida
00242.png,Mantida
00243.png,Mantida
00244.png,Mantida
00245.png,Mantida
00246.png,Mantida
00247.png,Mantida
00248.png,Removida
00249.png,Removida
00250.png,Removida
00251.png,Mantida
00252.png,Removida
00253.png,Mantida
00254.png,Mantida
00255.png,Mantida
00256.png,Mantida
00257.png,Mantida
00258.png,Mantida
00259.png,Mantida
00260.png,Removida
00261.png,Mantida
00262.png,Removida
00263.png,Mantida
00264.png,Removida
00265.png,Mantida
00266.png,Removida
00267.png,Mantida
00268.png,Removida
00269.png,Mantida
00270.png,Removida
00271.png,Removida
00272.png,Mantida
00273.png,Mantida
00274.png,Mantida
00275.png,Removida
00276.png,Mantida
00277.png,Mantida
00278.png,Mantida
00279.png,Mantida
00280.png,Mantida
00281.png,Mantida
00282.png,Mantida
00283.png,Removida
00284.png,Mantida
00285.png,Mantida
00286.png,Mantida
00287.png,Mantida
00288.png,Removida
00289.png,Mantida
00290.png,Removida
00291.png,Mantida
00292.png,Mantida
00293.png,Removida
00294.png,Removida
00295.png,Removida
00296.png,Mantida
00297.png,Mantida
00298.png,Mantida
00299.png,Removida
00300.png,Mantida
00301.png,Removida
00302.png,Removida
00303.png,Mantida
00304.png,Mantida
00305.png,Removida
00306.png,Mantida
00307.png,Mantida
00308.png,Mantida
00309.png,Mantida
00310.png,Mantida
00311.png,Mantida
00312.png,Mantida
00313.png,Mantida
00314.png,Removida
00315.png,Mantida
00316.png,Removida
00317.png,Removida
00318.png,Mantida
00319.png,Removida
00320.png,Mantida
00321.png,Mantida
00322.png,Mantida
00323.png,Removida
00324.png,Mantida
00325.png,Removida
00326.png,Removida
00327.png,Mantida
00328.png,Mantida
00329.png,Mantida
00330.png,Mantida
00331.png,Mantida
00332.png,Mantida
00333.png,Mantida
00334.png,Removida
00335.png,Mantida
00336.png,Mantida
00337.png,Mantida
00338.png,Mantida
00339.png,Removida
00340.png,Mantida
00341.png,Removida
00342.png,Mantida
00343.png,Removida
00344.png,Mantida
00345.png,Removida
00346.png,Removida
00347.png,Mantida
00348.png,Mantida
00349.png,Mantida
00350.png,Mantida
00351.png,Mantida
00352.png,Removida
00353.png,Mantida
00354.png,Mantida
00355.png,Mantida
00356.png,Removida
00357.png,Mantida
00358.png,Removida
00359.png,Mantida
00360.png,Mantida
00361.png,Removida
00362.png,Removida
00363.png,Mantida
00364.png,Mantida
00365.png,Mantida
00366.png,Removida
00367.png,Mantida
00368.png,Removida
00369.png,Mantida
00370.png,Removida
00371.png,Mantida
00372.png,Removida
00373.png,Mantida
00374.png,Removida
00375.png,Removida
00376.png,Removida
00377.png,Removida
00378.png,Mantida
00379.png,Mantida
00380.png,Removida
00381.png,Mantida
00382.png,Mantida
00383.png,Removida
00384.png,Mantida
00385.png,Removida
00386.png,Mantida
00387.png,Mantida
00388.png,Mantida
00389.png,Mantida
00390.png,Mantida
00391.png,Removida
00392.png,Mantida
00393.png,Mantida
00394.png,Mantida
00395.png,Removida
00396.png,Mantida
00397.png,Mantida
00398.png,Mantida
00399.png,Mantida
00400.png,Mantida
00401.png,Removida
00402.png,Mantida
00403.png,Mantida
00404.png,Mantida
00405.png,Mantida
00406.png,Removida
00407.png,Mantida
00408.png,Mantida
00409.png,Mantida
00410.png,Mantida
00411.png,Mantida
00412.png,Mantida
00413.png,Mantida
00414.png,Removida
00415.png,Mantida
00416.png,Mantida
00417.png,Removida
00418.png,Mantida
00419.png,Mantida
00420.png,Mantida
00421.png,Mantida
00422.png,Removida
00423.png,Mantida
00424.png,Mantida
00425.png,Removida
00426.png,Removida
00427.png,Mantida
00428.png,Mantida
00429.png,Mantida
00430.png,Mantida
00431.png,Mantida
00432.png,Mantida
00433.png,Removida
00434.png,Removida
00435.png,Mantida
00436.png,Mantida
00437.png,Mantida
00438.png,Mantida
00439.png,Mantida
00440.png,Removida
00441.png,Removida
00442.png,Removida
00443.png,Mantida
00444.png,Mantida
00445.png,Removida
00446.png,Removida
00447.png,Mantida
00448.png,Removida
00449.png,Mantida
00450.png,Mantida
00451.png,Removida
00452.png,Removida
00453.png,Removida
00454.png,Mantida
00455.png,Removida
00456.png,Mantida
00457.png,Removida
00458.png,Removida
00459.png,Removida
00460.png,Mantida
00461.png,Mantida
00462.png,Mantida
00463.png,Mantida
00464.png,Mantida
00465.png,Removida
00466.png,Mantida
00467.png,Mantida
00468.png,Removida
00469.png,Mantida
00470.png,Removida
00471.png,Removida
00472.png,Removida
00473.png,Mantida
00474.png,Mantida
00475.png,Removida
00476.png,Mantida
00477.png,Mantida
00478.png,Mantida
00479.png,Mantida
00480.png,Mantida
00481.png,Mantida
00482.png,Mantida
00483.png,Mantida
00484.png,Mantida
00485.png,Mantida
00486.png,Mantida
00487.png,Mantida
00488.png,Removida
00489.png,Mantida
00490.png,Mantida
00491.png,Removida
00492.png,Removida
00493.png,Removida
00494.png,Mantida
00495.png,Mantida
00496.png,Removida
00497.png,Mantida
00498.png,Mantida
00499.png,Mantida
00500.png,Mantida
00501.png,Removida
00502.png,Mantida
00503.png,Removida
00504.png,Mantida
00505.png,Mantida
00506.png,Mantida
00507.png,Mantida
00508.png,Removida
00509.png,Removida
00510.png,Mantida
00511.png,Removida
00512.png,Removida
00513.png,Mantida
00514.png,Mantida
00515.png,Removida
00516.png,Removida
00517.png,Mantida
00518.png,Mantida
00519.png,Removida
00520.png,Mantida
00521.png,Removida
00522.png,Mantida
00523.png,Mantida
00524.png,Mantida
00525.png,Mantida
00526.png,Mantida
00527.png,Mantida
00528.png,Removida
00529.png,Removida
00530.png,Mantida
00531.png,Removida
00532.png,Removida
00533.png,Mantida
00534.png,Mantida
00535.png,Removida
00536.png,Mantida
00537.png,Removida
00538.png,Removida
00539.png,Removida
00540.png,Mantida
00541.png,Mantida
00542.png,Removida
00543.png,Mantida
00544.png,Removida
00545.png,Removida
00546.png,Removida
00547.png,Mantida
00548.png,Mantida
00549.png,Removida
00550.png,Removida
00551.png,Removida
00552.png,Removida
00553.png,Removida
00554.png,Mantida
00555.png,Removida
00556.png,Removida
00557.png,Mantida
00558.png,Mantida
00559.png,Removida
00560.png,Mantida
00561.png,Removida
00562.png,Removida
00563.png,Mantida
00564.png,Mantida
00565.png,Mantida
00566.png,Removida
00567.png,Removida
00568.png,Mantida
00569.png,Mantida
00570.png,Mantida
00571.png,Mantida
00572.png,Removida
00573.png,Mantida
00574.png,Removida
00575.png,Mantida
00576.png,Mantida
00577.png,Mantida
00578.png,Mantida
00579.png,Mantida
00580.png,Removida
00581.png,Mantida
00582.png,Removida
00583.png,Mantida
00584.png,Mantida
00585.png,Mantida
00586.png,Mantida
00587.png,Mantida
00588.png,Mantida
00589.png,Mantida
00590.png,Mantida
00591.png,Mantida
00592.png,Mantida
00593.png,Mantida
00594.png,Mantida
00595.png,Mantida
00596.png,Mantida
00597.png,Mantida
00598.png,Mantida
00599.png,Mantida
00600.png,Removida
00601.png,Removida
00602.png,Removida
00603.png,Mantida
00604.png,Removida
00605.png,Removida
00606.png,Removida
00607.png,Removida
00608.png,Mantida
00609.png,Mantida
00610.png,Mantida
00611.png,Mantida
00612.png,Mantida
00613.png,Mantida
00614.png,Mantida
00615.png,Removida
00616.png,Mantida
00617.png,Removida
00618.png,Mantida
00619.png,Mantida
00620.png,Mantida
00621.png,Mantida
00622.png,Mantida
00623.png,Mantida
00624.png,Removida
00625.png,Removida
00626.png,Mantida
00627.png,Mantida
00628.png,Mantida
00629.png,Mantida
00630.png,Mantida
00631.png,Mantida
00632.png,Mantida
00633.png,Removida
00634.png,Mantida
00635.png,Removida
00636.png,Mantida
00637.png,Mantida
00638.png,Removida
00639.png,Removida
00640.png,Removida
00641.png,Mantida
00642.png,Removida
00643.png,Removida
00644.png,Mantida
00645.png,Removida
00646.png,Removida
00647.png,Mantida
00648.png,Mantida
00649.png,Removida
00650.png,Mantida
00651.png,Removida
00652.png,Mantida
00653.png,Removida
00654.png,Removida
00655.png,Mantida
00656.png,Mantida
00657.png,Mantida
00658.png,Removida
00659.png,Removida
00660.png,Mantida
00661.png,Mantida
00662.png,Removida
00663.png,Mantida
00664.png,Removida
00665.png,Mantida
00666.png,Removida
00667.png,Removida
00668.png,Removida
00669.png,Mantida
00670.png,Removida
00671.png,Mantida
00672.png,Removida
00673.png,Mantida
00674.png,Removida
00675.png,Mantida
00676.png,Mantida
00677.png,Mantida
00678.png,Removida
00679.png,Mantida
00680.png,Mantida
00681.png,Mantida
00682.png,Mantida
00683.png,Mantida
00684.png,Mantida
00685.png,Mantida
00686.png,Mantida
00687.png,Mantida
00688.png,Mantida
00689.png,Mantida
00690.png,Mantida
00691.png,Mantida
00692.png,Mantida
00693.png,Removida
00694.png,Mantida
00695.png,Mantida
00696.png,Removida
00697.png,Removida
00698.png,Removida
00699.png,Removida
00700.png,Mantida
00701.png,Removida
00702.png,Removida
00703.png,Mantida
00704.png,Mantida
00705.png,Mantida
00706.png,Mantida
00707.png,Removida
00708.png,Mantida
00709.png,Mantida
00710.png,Mantida
00711.png,Mantida
00712.png,Mantida
00713.png,Mantida
00714.png,Mantida
00715.png,Removida
00716.png,Removida
00717.png,Mantida
00718.png,Removida
00719.png,Mantida
00720.png,Mantida
00721.png,Mantida
00722.png,Mantida
00723.png,Mantida
00724.png,Mantida
00725.png,Mantida
00726.png,Removida
00727.png,Mantida
00728.png,Removida
00729.png,Mantida
00730.png,Mantida
00731.png,Removida
00732.png,Removida
00733.png,Mantida
00734.png,Mantida
00735.png,Mantida
00736.png,Mantida
00737.png,Mantida
00738.png,Removida
00739.png,Mantida
00740.png,Mantida
00741.png,Mantida
00742.png,Mantida
00743.png,Removida
00744.png,Mantida
00745.png,Mantida
00746.png,Removida
00747.png,Mantida
00748.png,Removida
00749.png,Removida
00750.png,Mantida
00751.png,Removida
00752.png,Removida
00753.png,Mantida
00754.png,Removida
00755.png,Removida
00756.png,Mantida
00757.png,Removida
00758.png,Mantida
00759.png,Mantida
00760.png,Mantida
00761.png,Mantida
00762.png,Removida
00763.png,Removida
00764.png,Mantida
00765.png,Mantida
00766.png,Removida
00767.png,Mantida
00768.png,Removida
00769.png,Removida
00770.png,Removida
00771.png,Mantida
00772.png,Mantida
00773.png,Mantida
00774.png,Mantida
00775.png,Mantida
00776.png,Mantida
00777.png,Removida
00778.png,Removida
00779.png,Mantida
00780.png,Mantida
00781.png,Mantida
00782.png,Mantida
00783.png,Removida
00784.png,Mantida
00785.png,Mantida
00786.png,Mantida
00787.png,Mantida
00788.png,Mantida
00789.png,Removida
00790.png,Mantida
00791.png,Removida
00792.png,Removida
00793.png,Mantida
00794.png,Mantida
00795.png,Removida
00796.png,Mantida
00797.png,Mantida
00798.png,Mantida
00799.png,Removida
00800.png,Removida
00801.png,Mantida
00802.png,Mantida
00803.png,Mantida
00804.png,Removida
00805.png,Mantida
00806.png,Removida
00807.png,Removida
00808.png,Removida
00809.png,Mantida
00810.png,Mantida
00811.png,Removida
00812.png,Mantida
00813.png,Mantida
00814.png,Mantida
00815.png,Mantida
00816.png,Mantida
00817.png,Removida
00818.png,Removida
00819.png,Mantida
00820.png,Mantida
00821.png,Mantida
00822.png,Mantida
00823.png,Mantida
00824.png,Removida
00825.png,Mantida
00826.png,Removida
00827.png,Mantida
00828.png,Mantida
00829.png,Mantida
00830.png,Mantida
00831.png,Removida
00832.png,Removida
00833.png,Mantida
00834.png,Mantida
00835.png,Mantida
00836.png,Mantida
00837.png,Removida
00838.png,Removida
00839.png,Mantida
00840.png,Removida
00841.png,Mantida
00842.png,Mantida
00843.png,Removida
00844.png,Removida
00845.png,Mantida
00846.png,Mantida
00847.png,Mantida
00848.png,Removida
00849.png,Removida
00850.png,Mantida
00851.png,Mantida
00852.png,Mantida
00853.png,Mantida
00854.png,Mantida
00855.png,Mantida
00856.png,Mantida
00857.png,Mantida
00858.png,Removida
00859.png,Removida
00860.png,Mantida
00861.png,Mantida
00862.png,Mantida
00863.png,Removida
00864.png,Mantida
00865.png,Removida
00866.png,Mantida
00867.png,Removida
00868.png,Mantida
00869.png,Mantida
00870.png,Mantida
00871.png,Removida
00872.png,Mantida
00873.png,Mantida
00874.png,Mantida
00875.png,Mantida
00876.png,Mantida
00877.png,Mantida
00878.png,Mantida
00879.png,Mantida
00880.png,Removida
00881.png,Mantida
00882.png,Removida
00883.png,Mantida
00884.png,Removida
00885.png,Mantida
00886.png,Mantida
00887.png,Mantida
00888.png,Mantida
00889.png,Mantida
00890.png,Mantida
00891.png,Mantida
00892.png,Removida
00893.png,Mantida
00894.png,Mantida
00895.png,Removida
00896.png,Removida
00897.png,Removida
00898.png,Mantida
00899.png,Mantida
00900.png,Removida
00901.png,Removida
00902.png,Removida
00903.png,Removida
00904.png,Mantida
00905.png,Removida
00906.png,Mantida
00907.png,Mantida
00908.png,Mantida
00909.png,Mantida
00910.png,Mantida
00911.png,Mantida
00912.png,Mantida
00913.png,Mantida
00914.png,Mantida
00915.png,Removida
00916.png,Removida
00917.png,Removida
00918.png,Mantida
00919.png,Mantida
00920.png,Mantida
00921.png,Mantida
00922.png,Mantida
00923.png,Mantida
00924.png,Mantida
00925.png,Removida
00926.png,Mantida
00927.png,Mantida
00928.png,Mantida
00929.png,Mantida
00930.png,Mantida
00931.png,Mantida
00932.png,Mantida
00933.png,Removida
00934.png,Mantida
00935.png,Mantida
00936.png,Mantida
00937.png,Mantida
00938.png,Removida
00939.png,Removida
00940.png,Mantida
00941.png,Mantida
00942.png,Mantida
00943.png,Mantida
00944.png,Removida
00945.png,Removida
00946.png,Removida
00947.png,Removida
00948.png,Mantida
00949.png,Mantida
00950.png,Mantida
00951.png,Mantida
00952.png,Removida
00953.png,Removida
00954.png,Removida
00955.png,Removida
00956.png,Mantida
00957.png,Mantida
00958.png,Removida
00959.png,Mantida
00960.png,Mantida
00961.png,Mantida
00962.png,Mantida
00963.png,Removida
00964.png,Mantida
00965.png,Mantida
00966.png,Removida
00967.png,Removida
00968.png,Removida
00969.png,Mantida
00970.png,Mantida
00971.png,Mantida
00972.png,Mantida
00973.png,Removida
00974.png,Mantida
00975.png,Mantida
00976.png,Mantida
00977.png,Removida
00978.png,Mantida
00979.png,Mantida
00980.png,Removida
00981.png,Removida
00982.png,Removida
00983.png,Mantida
00984.png,Mantida
00985.png,Removida
00986.png,Mantida
00987.png,Mantida
00988.png,Mantida
00989.png,Mantida
00990.png,Mantida
00991.png,Mantida
00992.png,Removida
00993.png,Removida
00994.png,Removida
00995.png,Removida
00996.png,Mantida
00997.png,Mantida
00998.png,Mantida
00999.png,Mantida
